Formule,Ele,BG,Structure,CA
BaS3,Ba-S,1.3912999999999998,2,62546.51885040232
CdF2,Cd-F,2.8977000000000004,1,1582.3565435713265
BeTe,Be-Te,2.0173,1,10109.30351063222
UO3,O-U,1.6349999999999998,1,228128.7749448409
Rb2Te,Rb-Te,1.8766,1,65916.01898158957
Th3N4,N-Th,1.4415000000000004,5,118912.24444223684
Na2S,Na-S,2.4399,1,20758.96075109862
CdS,Cd-S,1.125,4,78525.5509782946
HgF,F-Hg,1.7704,2,35411.833792287274
PtS2,Pt-S,1.5467000000000004,5,582625.6968975696
GaN,Ga-N,1.7264999999999997,4,70831.69194936952
Li2O2,Li-O,1.9743,4,33810.16585185927
Au2S,Au-S,1.9091,1,73820.44618004526
K2O,K-O,1.7072,1,56559.447699334894
GeSe2,Ge-Se,1.5188,2,311810.4860485964
YSF,F-S-Y,1.3132,2,34889.893234775016
NaYS2,Na-S-Y,2.2635,5,11879.041046585751
BaHfN2,Ba-Hf-N,1.2537000000000005,2,98647.84265207368
TaCu3S4,Cu-S-Ta,1.9231000000000005,1,102436.11892711744
RbPrSe2,Pr-Rb-Se,1.8997,5,97526.63987317296
RbNdSe2,Nd-Rb-Se,1.8958,5,90690.03368168756
RbGdSe2,Gd-Rb-Se,1.0338999999999998,5,105540.61636217248
RbTbSe2,Rb-Se-Tb,1.9336,5,35918.20763789332
RbHoSe2,Ho-Rb-Se,1.9587,5,27987.902479973294
RbErSe2,Er-Rb-Se,1.9769,5,25303.66636096543
RbLuSe2,Lu-Rb-Se,2.0299,5,21024.230797065957
Rb2PtC2,C-Pt-Rb,1.1362,5,261816.08098799756
TbSF,F-S-Tb,1.2587000000000002,2,32223.442112569577
HoSF,F-Ho-S,1.2996,2,31274.60464205671
Nd2TeS2,Nd-S-Te,1.5871,5,123869.02185353589
CdCN2,C-Cd-N,2.3076,5,5614.9230122845
K2S,K-S,2.3201,1,20112.421519871445
MgTe,Mg-Te,2.3612,4,22842.98216661997
SrS,S-Sr,2.497,1,8017.255570936087
BaO2,Ba-O,2.2352,2,2518.01562928497
SnS2,S-Sn,1.5147999999999997,5,57142.15933398699
ZnSe,Se-Zn,1.1663,1,83248.3710616367
HgO,Hg-O,1.1867,3,63225.39200997923
Na2Se,Na-Se,2.0153,1,70067.0174791174
MgS,Mg-S,2.7574,1,4272.297077896137
BaO,Ba-O,2.0906,1,51618.28338660007
CaSe,Ca-Se,2.0728000000000004,1,11530.258802301702
BP,B-P,1.2434999999999992,1,8184.513933873101
BaS,Ba-S,2.1488,1,51310.029329953926
CaTe,Ca-Te,1.5535,1,38468.49687839703
BeSe,Be-Se,2.6636999999999995,1,4356.541193094771
AlP,Al-P,1.6294000000000004,1,13895.173518138943
Be2C,Be-C,1.1636999999999995,1,3457.1170222439164
GaSe,Ga-Se,1.2405999999999997,4,76025.32966510674
Al4C3,Al-C,1.3154000000000003,5,12390.161171835627
CaS,Ca-S,2.3819,1,7292.231318288678
K2Te,K-Te,2.141,1,72126.33369519562
WSe2,Se-W,1.4465,4,324073.6781761412
SrTe,Sr-Te,1.7616,1,62828.64608724197
ScAgO2,Ag-O-Sc,2.1264000000000003,4,14370.311005410524
Na5CuSO2,Cu-Na-O-S,1.5205,2,42921.30595675817
SrCeN2,Ce-N-Sr,1.2679999999999998,5,310580.772128098
Rb2Se,Rb-Se,1.7968,1,52956.80485960386
KLaTe2,K-La-Te,1.7012999999999994,5,287475.6701352742
KNdTe2,K-Nd-Te,1.2648,5,328030.07589126733
KAuF6,Au-F-K,2.1117,5,32954.09362690449
SrCuSF,Cu-F-S-Sr,1.5126,2,60383.31371940797
YZnPO,O-P-Y-Zn,1.3049,5,88448.50182201395
Tb2SO2,O-S-Tb,2.9772000000000003,5,3489.244679628426
CuBS2,B-Cu-S,1.7424999999999995,2,34344.16096569466
MgSe,Mg-Se,2.5476,1,14204.630377360634
NaSrP,Na-P-Sr,1.2357,4,296219.53723601607
SrLiP,Li-P-Sr,1.3430999999999995,4,242793.161182276
BaLiP,Ba-Li-P,0.9631000000000004,4,400210.4247408962
ZnPbF6,F-Pb-Zn,1.7555,5,21597.407438069244
PrCuO2,Cu-O-Pr,2.3609,5,30062.74974692752
Nd2SeO2,Nd-O-Se,2.1511,5,6000.307792603573
Sm2SeO2,O-Se-Sm,2.1358,5,5760.77743343236
Ho2SeO2,Ho-O-Se,2.1517000000000004,5,5227.752846947823
CdPdF6,Cd-F-Pd,1.7751,5,85628.0685851161
Rb2PdF6,F-Pd-Rb,2.2306,1,7150.90077402524
AlAgSe2,Ag-Al-Se,1.1351999999999998,2,89730.35346629101
LiRhO2,Li-O-Rh,1.5153,5,319909.78095456463
K3Cu3As2,As-Cu-K,1.2741,5,415248.42532602296
KLaS2,K-La-S,2.7005,5,11892.913523845104
KPrS2,K-Pr-S,2.2688,5,20371.180699563607
KSmS2,K-S-Sm,2.2759,5,15760.30740707217
KGdS2,Gd-K-S,1.8308,5,57321.152337685366
KHoS2,Ho-K-S,2.3505000000000003,5,10893.85660469346
LiDyS2,Dy-Li-S,1.9347,5,14715.461795770772
LiHoS2,Ho-Li-S,1.9863000000000004,5,13564.722389233297
LiGdSe2,Gd-Li-Se,1.1717,5,171009.53476743092
LiTbSe2,Li-Se-Tb,1.5013,5,50319.74117619082
LiDySe2,Dy-Li-Se,1.5347999999999995,5,40818.40492388801
LiHoSe2,Ho-Li-Se,1.5729000000000002,5,34601.301222424016
Pr2TeO2,O-Pr-Te,1.6555999999999995,2,125663.28593072966
Sm2TeO2,O-Sm-Te,1.4893,2,149913.1217768957
Gd2TeO2,Gd-O-Te,1.0708000000000002,2,139606.79047043156
Tb2TeO2,O-Tb-Te,1.1715,2,142270.7578090022
Dy2TeO2,Dy-O-Te,1.0886000000000005,2,139962.3558497399
KYTe2,K-Te-Y,1.2981000000000005,5,391357.8020735469
CoAgO2,Ag-Co-O,1.332,4,429596.6600808842
CrAgO2,Ag-Cr-O,1.6634000000000009,5,153935.58306831704
As2PbO6,As-O-Pb,2.1358,5,11243.670882296748
LaCuO2,Cu-La-O,2.5215999999999994,5,21095.35986439203
Ba2PbO4,Ba-O-Pb,1.2232000000000005,2,114405.61820532594
CeO2,Ce-O,1.8647,1,452125.09092935
NaInS2,In-Na-S,1.8377,5,43352.512730792936
InPS4,In-P-S,2.4754000000000005,2,27061.905255413483
AlAs,Al-As,1.5036999999999998,1,92207.77653150584
ZnTe,Te-Zn,1.0732999999999997,1,227475.9718862572
Li3N,Li-N,0.984,4,219852.35980756336
Li2Se,Li-Se,2.9746,1,4373.008537554134
Na2O,Na-O,1.8736,1,82536.5442219703
NaS,Na-S,1.2348,4,56396.6597938009
IrF3,F-Ir,1.1410999999999998,5,417049.4665222003
GaP,Ga-P,1.6039,1,132236.67002498536
GaS,Ga-S,2.0036,4,22353.533292486987
Li2Te,Li-Te,2.4914,1,7401.304700239134
AlSb,Al-Sb,1.2255000000000005,1,348957.2552222329
CsAu,Au-Cs,1.0233,1,142700.51855477766
SrO2,O-Sr,2.8495000000000004,2,2234.0352020164614
SrSe,Se-Sr,2.2313,1,13824.998866014525
Na2Te,Na-Te,2.0282,1,62561.616050623
Cs2UO4,Cs-O-U,1.8211,2,106853.02762454878
Na2PtO2,Na-O-Pt,1.4632999999999998,3,51814.44917324935
HgI,Hg-I,1.6426000000000005,2,642451.1826638625
VCl2,Cl-V,1.2559999999999998,5,20469.306069576214
XeF2,F-Xe,2.6861999999999995,2,3712.433294379692
HgCl,Cl-Hg,2.7243000000000004,2,11323.398672808316
AgCl,Ag-Cl,0.9522000000000002,1,9240.430354182648
AgI,Ag-I,1.3674,1,84443.93592516544
CsBrF,Br-Cs-F,2.5062,2,12422.095680645332
Ca2NCl,Ca-Cl-N,2.371,5,34103.23371840593
BiClO,Bi-Cl-O,2.5681000000000003,2,6690.116967263639
K2PdCl4,Cl-K-Pd,1.4279000000000002,2,8985.79850533279
Rb2TeCl6,Cl-Rb-Te,2.6398,1,13033.415709574489
TlIO3,I-O-Tl,2.7633,5,9251.419519823958
CsGeCl3,Cl-Cs-Ge,2.1535,5,55949.250895280165
CsICl2,Cl-Cs-I,2.2301,5,17065.467111331178
Ca2BrN,Br-Ca-N,2.4254,5,32204.52280927021
Sr2NCl,Cl-N-Sr,1.9398000000000004,5,79794.45746886307
Ca2PI,Ca-I-P,1.6997000000000004,5,146024.17633880975
ZrIN,I-N-Zr,1.2172,3,44845.778132122905
Sr2BrN,Br-N-Sr,1.8455,5,89361.1133267938
BiBrO,Bi-Br-O,2.2251,2,10758.881757173169
HgBr,Br-Hg,2.2557,2,45959.2633679429
InI,I-In,1.3412000000000002,3,313509.1466665531
BrF3,Br-F,2.211,3,5370.491308069628
Cs2PtCl6,Cl-Cs-Pt,2.1146,1,24805.573921457624
Cs2TeCl6,Cl-Cs-Te,2.7815000000000003,1,11466.394384937186
Rb2PbCl6,Cl-Pb-Rb,1.2605,1,117264.20812560157
LiH,H-Li,2.981,1,10195.54681615706
KMgH3,H-K-Mg,2.458,1,2710.9691807088807
Mg2FeH6,Fe-H-Mg,1.914,1,10452.05506345871
BaLiH3,Ba-H-Li,2.2146,1,13394.380844517911
BaHI,Ba-H-I,2.8111,2,4890.688355140904
HoHSe,H-Ho-Se,1.4981000000000004,4,58105.62950650579
Sr2H6Ru,H-Ru-Sr,2.2360999999999995,1,7386.2992146541055
RbH,H-Rb,2.9163,1,6317.384331064218
RbIO3,I-O-Rb,2.8369,5,6785.936604435413
Ca3AsBr3,As-Br-Ca,1.6726,1,175245.94344768242
LiBiF6,Bi-F-Li,2.5394,5,10765.966990507368
NaBiF6,Bi-F-Na,2.7315,5,5124.297707729901
ErSCl,Cl-Er-S,2.9329,3,5764.415772501484
InClO,Cl-In-O,2.3645,3,5757.72049710997
InBrO,Br-In-O,1.9948,3,17034.61452871854
SO2,O-S,2.8368,3,2991.437238661991
BiF5,Bi-F,1.8138,2,73950.3195197174
Rb2TiCl6,Cl-Rb-Ti,2.1471,1,110193.87027241485
Cs2TiCl6,Cl-Cs-Ti,2.2291,1,63415.51337846289
Tl2SnCl6,Cl-Sn-Tl,2.4814,1,3841.479887296004
Tl2PtCl6,Cl-Pt-Tl,1.7373999999999998,1,36213.36499166497
K2TiCl6,Cl-K-Ti,2.0826,1,154336.6915290585
VBrO,Br-O-V,1.4911,3,85262.43418066922
Ba2PCl,Ba-Cl-P,1.2602000000000002,5,186587.9024646923
U(OF)2,F-O-U,2.1045000000000003,5,5226.076975912966
MnI2,I-Mn,1.1707999999999998,5,68097.20205499069
ThBrN,Br-N-Th,2.6396,2,5763.346572063539
ThIN,I-N-Th,2.6859,2,7413.955691231634
Ca3AsCl3,As-Ca-Cl,1.8439,1,152955.13473379822
Rb2PdCl6,Cl-Pd-Rb,1.2868,1,278343.6218511205
K3IO,I-K-O,1.0284000000000002,1,30245.933643374683
MnCl2,Cl-Mn,1.7925999999999995,5,2367.384380918222
MnBr2,Br-Mn,1.5962,5,5064.581333343645
Ca2IN,Ca-I-N,2.3485,4,40401.43602441806
Ca2AsI,As-Ca-I,1.5566,5,183287.39021016544
Na3ClO,Cl-Na-O,2.0299,1,50459.25903188639
K4Br2O,Br-K-O,0.9912,2,22284.67324877308
CsBr2F,Br-Cs-F,1.7763,2,128779.33553027592
YHSe,H-Se-Y,1.5072,4,95285.00033793224
YAgO2,Ag-O-Y,2.4154,4,9174.328960145252
BaZrN2,Ba-N-Zr,0.9972000000000004,2,161738.43822509967
Al2CdSe4,Al-Cd-Se,2.0047,2,62152.50405227053
Li2ZrN2,Li-N-Zr,1.5618999999999996,5,131380.10746702383
Pr2SO2,O-Pr-S,2.8599999999999994,5,4210.132524048283
NaErS2,Er-Na-S,2.3245,5,10459.92051843615
KTaO3,K-O-Ta,2.0995,1,14623.16284609314
NaNbO2,Na-Nb-O,1.3781,4,288854.3592331561
AlCuO2,Al-Cu-O,1.7978000000000005,5,38925.61264564922
K2UO4,K-O-U,1.9773,2,63751.66847176948
BaHgO2,Ba-Hg-O,2.2727,5,7526.851236489025
LiNbO2,Li-Nb-O,1.5794999999999997,4,179101.26336769355
PrSF,F-Pr-S,1.2541000000000002,2,28594.512425847865
DyTlS2,Dy-S-Tl,1.5281999999999996,5,22186.822424989376
ZrCoBi,Bi-Co-Zr,0.9771999999999998,1,854967.6178182124
BiTeBr,Bi-Br-Te,1.2364000000000002,5,328364.8986752837
KNO2,K-N-O,2.5157,6,4166.664545598492
CaHN,Ca-H-N,2.193,2,35565.406969751006
LiMgP,Li-Mg-P,1.5391000000000004,1,26838.867330251825
AgAsF6,Ag-As-F,1.6806,1,34853.31394893337
LiMgN,Li-Mg-N,2.2707,1,25087.883697611014
KCrS2,Cr-K-S,1.1644,5,310583.9219828948
NbCu3Se4,Cu-Nb-Se,1.3604000000000005,1,347010.4366580591
TaCu3Se4,Cu-Se-Ta,1.5980000000000003,1,246492.2524396186
KLiTe,K-Li-Te,2.4134,2,20327.664568423246
ZnGeP2,Ge-P-Zn,1.1782000000000004,2,331422.095255636
LiAlTe2,Al-Li-Te,2.4411,2,28863.765724129087
ZnSiP2,P-Si-Zn,1.3641000000000003,2,88200.938563931
Pr2SeO2,O-Pr-Se,2.1691000000000003,5,6142.996533926519
Gd2SO2,Gd-O-S,2.0194,5,10546.977500122544
NdCuO2,Cu-Nd-O,2.4115,5,26611.4689374925
Na2HgO2,Hg-Na-O,1.6474000000000002,2,36143.37149898956
BaTiO3,Ba-O-Ti,2.5087,5,10012.395070545836
NaInO2,In-Na-O,1.9142,5,39613.2458039494
KPrTe2,K-Pr-Te,1.2799999999999998,5,314133.4337782449
LaSF,F-La-S,1.488099999999999,2,22517.977293165768
Nd2TeO2,Nd-O-Te,1.3099999999999996,2,135859.01063801005
NaTaN2,N-Na-Ta,1.2764999999999995,5,342983.2542372014
LiInO2,In-Li-O,1.8143,2,24264.50780068476
Tl3VS4,S-Tl-V,1.9554,1,305744.844692952
Sm2SO2,O-S-Sm,2.9166000000000003,5,3845.704682691404
NbCu3S4,Cu-Nb-S,1.6574,1,197920.1737624481
NaCrS2,Cr-Na-S,0.9908999999999994,5,268774.29737357266
NaHoS2,Ho-Na-S,2.3055000000000003,5,11078.90798146888
NdSF,F-Nd-S,1.2363000000000004,2,29682.82933092912
AlAgS2,Ag-Al-S,1.8992,2,30561.72052394872
K2HgO2,Hg-K-O,2.0773,2,10816.693181468796
Al2CdS4,Al-Cd-S,2.7263,2,6829.102139150615
TiCoSb,Co-Sb-Ti,1.0431999999999997,1,703429.7849508929
CaHgO2,Ca-Hg-O,2.125,5,9108.555119447674
RbDyS2,Dy-Rb-S,2.3216,5,11993.885325467534
KAuS,Au-K-S,2.1003000000000003,3,15457.341791662124
Cd(AsO3)2,As-Cd-O,1.9349,5,21823.626634634704
La2SeO2,La-O-Se,2.4067,5,8347.596784425654
KNbO3,K-Nb-O,2.2934,5,10891.93744703933
K3Cu3P2,Cu-K-P,1.2892,5,316380.148244157
RbAuO2,Au-O-Rb,1.4611,3,20636.443532558747
Th2TeN2,N-Te-Th,1.6182999999999996,2,114963.56716171245
Li2PdO2,Li-O-Pd,1.1973000000000005,3,98639.5568730698
LaSeF,F-La-Se,1.7260999999999995,4,57312.831499804095
Th2SeN2,N-Se-Th,1.3591999999999995,5,27554.07512665424
Th2SN2,N-S-Th,1.4240000000000004,5,20698.3546223314
CaGeN2,Ca-Ge-N,2.6621999999999995,2,6830.4352579140605
Rb2Sn2O3,O-Rb-Sn,1.2195999999999998,5,83902.74471708787
Rb2O2,O-Rb,1.7600000000000002,3,23874.58946365744
Cs2O2,Cs-O,1.6496,3,29350.10738547648
Al2HgS4,Al-Hg-S,2.0244000000000004,2,56412.52379013178
MgPdF6,F-Mg-Pd,1.8285,5,72200.84236859188
K2PtS2,K-Pt-S,1.2355999999999998,3,85355.80796884278
Rb2PtS2,Pt-Rb-S,1.2521,3,100232.41293131748
CsSmO2,Cs-O-Sm,2.9281000000000006,4,3431.1852172718404
K2PdF6,F-K-Pd,2.0399000000000003,5,16463.907998404524
AlCuTe2,Al-Cu-Te,1.0186000000000002,2,319313.0016130894
Rb2S,Rb-S,1.9632,1,45433.19359762542
ThSO,O-S-Th,1.1144999999999996,2,34968.605989908945
HgF2,F-Hg,0.9687,1,97377.12392970888
Li2CeN2,Ce-Li-N,1.2035999999999998,5,309192.9980190044
ThNF,F-N-Th,2.2590000000000003,5,8203.687447345876
CaPtF6,Ca-F-Pt,2.643,5,8873.905638087723
ZnPtF6,F-Pt-Zn,2.0919,5,88208.41493965672
NaGdS2,Gd-Na-S,1.762,5,60189.50907604073
Ba(MgP)2,Ba-Mg-P,1.1366,5,252430.03640810424
Ba(MgAs)2,As-Ba-Mg,1.0689000000000002,5,312383.2603349332
SnF3,F-Sn,2.7195,1,7433.081679332176
Sr4P2O,O-P-Sr,1.2134,2,207960.65972027215
Sr4As2O,As-O-Sr,1.1923999999999997,2,259193.16692147104
Tl3SbS3,S-Sb-Tl,1.592,5,266429.622610113
NaLiS,Li-Na-S,2.2642,2,4514.839140198535
NaErSe2,Er-Na-Se,1.9258,5,24258.858375349773
Rb2PtSe2,Pt-Rb-Se,1.0034,3,283592.3353381461
CsNaSe,Cs-Na-Se,2.027,2,45657.00592164812
RbLiS,Li-Rb-S,2.745,2,5798.108931361367
KLiSe,K-Li-Se,2.5249,2,12517.65132389981
NaRhO2,Na-O-Rh,1.3773999999999995,5,293044.74917305965
Cd(SbO3)2,Cd-O-Sb,1.4136000000000006,5,36774.09289700449
Cs2HgF4,Cs-F-Hg,2.0818,2,2920.969068014745
Ho2CF2,C-F-Ho,1.1355000000000004,5,191081.89803251612
NaLuS2,Lu-Na-S,2.4323,5,8779.86310108244
KSmTe2,K-Sm-Te,1.2623000000000002,5,363821.293332873
NaTmS2,Na-S-Tm,2.3614,5,9757.629959099286
CsSmS2,Cs-S-Sm,2.1397,5,26631.3193887575
CsGdS2,Cs-Gd-S,1.8329,5,73630.44744077115
Ca(SbO3)2,Ca-O-Sb,2.6943,5,3084.2803018314885
Sr(SbO3)2,O-Sb-Sr,2.7881,5,2848.859454669209
Ba(SbO3)2,Ba-O-Sb,2.8606,5,2837.0065165393453
BaCuSeF,Ba-Cu-F-Se,1.4265000000000003,2,137046.15259772676
RbLiSe,Li-Rb-Se,2.3089,2,17725.60233224792
Cs2PtF6,Cs-F-Pt,2.814,1,1304.5655029933089
KErTe2,Er-K-Te,1.3304000000000005,5,466269.2191196584
TaCu3Te4,Cu-Ta-Te,1.1406999999999998,1,501207.6808262144
RbLaS2,La-Rb-S,2.6857,5,11724.77006551445
RbPrS2,Pr-Rb-S,2.2686,5,21264.74500247214
RbNdS2,Nd-Rb-S,2.2617,5,19606.848064312268
RbTbS2,Rb-S-Tb,2.3079,5,12821.977826435388
RbHoS2,Ho-Rb-S,2.335500000000001,5,11285.532322452573
RbErS2,Er-Rb-S,2.3521,5,10629.08827474711
RbTmS2,Rb-S-Tm,2.3680000000000003,5,9997.062436475211
RbLuS2,Lu-Rb-S,2.3998,5,9112.68467085665
NdZnPO,Nd-O-P-Zn,1.2317999999999998,5,109245.19682620352
LiBeAs,As-Be-Li,1.0077000000000005,2,39840.25395232686
Ca(MgAs)2,As-Ca-Mg,1.2605000000000004,5,152036.75370760105
Sr(MgSb)2,Mg-Sb-Sr,0.9813,5,426183.8154045048
NaBeAs,As-Be-Na,1.2874000000000003,4,344224.0006657944
AlAgO2,Ag-Al-O,1.4090999999999996,4,15494.023639725978
WS2,S-W,1.6021,5,103099.98882202672
LiBeP,Be-Li-P,1.1585,2,24947.89960466696
LuTlS2,Lu-S-Tl,1.3485000000000005,5,20874.396445337843
LuCuS2,Cu-Lu-S,1.4584,5,287893.22871457896
LiScS2,Li-S-Sc,1.4856999999999996,5,100904.26439728268
KNdS2,K-Nd-S,2.2595,5,18724.805950236783
KYS2,K-S-Y,2.3221,5,11574.391097217182
KSmSe2,K-Se-Sm,1.8906000000000005,5,61579.97458859004
KLuS2,K-Lu-S,2.4307,5,8706.44441901408
Cl2,Cl,2.2818,3,26178.059046736627
BrCl,Br-Cl,1.8129,3,76540.63894173676
BeSiAs2,As-Be-Si,1.0226000000000006,2,141560.00029459264
Cs2Se,Cs-Se,1.7952,1,50295.285326278514
ZrZnN2,N-Zn-Zr,1.99,5,43983.01327352534
HfZnN2,Hf-N-Zn,2.3179,5,25706.096506972357
LuTlTe2,Lu-Te-Tl,1.0288999999999993,5,323311.4651100277
LuAgO2,Ag-Lu-O,2.2177999999999995,5,9396.333517746649
KInO2,In-K-O,2.0775,5,19465.210263343168
VI2,I-V,1.0370000000000004,5,14634.372958074411
KMgP,K-Mg-P,1.6589,2,80418.23227536392
KMgAs,As-K-Mg,1.1621,2,133408.305176525
PrHSe,H-Pr-Se,1.9162000000000003,4,47523.78284468559
NbTl3Se4,Nb-Se-Tl,2.1041,1,245511.68218205395
Tl3VSe4,Se-Tl-V,1.5636,1,470607.3647971522
Li2SnN2,Li-N-Sn,1.6967,5,49730.01368701017
SrHfN2,Hf-N-Sr,1.5456999999999996,2,45849.614884283765
CsH,Cs-H,2.3475,1,42008.82153760337
TmTlS2,S-Tl-Tm,1.3817000000000004,5,20778.60387972989
TmTlSe2,Se-Tl-Tm,1.1879,5,42001.76584165741
YTlSe2,Se-Tl-Y,1.2608,5,46905.315617842825
K2PdS2,K-Pd-S,1.117,3,476035.6558126921
Sr2BBrN2,B-Br-N-Sr,2.4076,5,2764.507595137664
Na3PSe4,Na-P-Se,1.1168999999999998,1,36186.58881281662
Li2H6Pt,H-Li-Pt,2.8838,1,3650.279108370517
Sr2H6Os,H-Os-Sr,2.4354,1,5333.936728047256
CsHoS2,Cs-Ho-S,2.2237,4,12745.348062088522
Sr2FeH6,Fe-H-Sr,1.3141999999999998,1,22921.881448301054
CsTmS2,Cs-S-Tm,2.224,4,11260.528923954664
NdAlH6,Al-H-Nd,2.0357,5,16082.100985168625
LaAlH6,Al-H-La,2.4765,5,10597.695612192
LiAuF6,Au-F-Li,1.8673,5,88774.50888480862
PrAlH6,Al-H-Pr,2.0349,5,15577.322617884412
BaAgSeF,Ag-Ba-F-Se,1.2693,2,82464.90636713736
Ca2H6Ru,Ca-H-Ru,2.4473,1,5680.61691609045
SrAgTeF,Ag-F-Sr-Te,1.2846999999999995,2,88931.48205865643
ScAlCO,Al-C-O-Sc,1.2166999999999994,4,128669.022566612
Mg3SbN,Mg-N-Sb,1.6233999999999993,1,302845.50573237933
BaAgSF,Ag-Ba-F-S,1.4324,2,61897.51098990184
CsLuS2,Cs-Lu-S,2.2447000000000004,4,10227.50186905554
NbTl3S4,Nb-S-Tl,2.458,1,51855.79119848491
NbCoSn,Co-Nb-Sn,0.9703999999999996,1,986308.778333302
Li2HfN2,Hf-Li-N,1.9346,5,27588.10576509344
TaSnRh,Rh-Sn-Ta,1.0594,1,1101466.5710065786
ZrSbRh,Rh-Sb-Zr,1.1648000000000005,1,720506.0332815852
TeO3,O-Te,2.1595,6,9083.16505447247
Cs3VSe4,Cs-Se-V,1.4894,1,159730.863538728
CsLaO2,Cs-La-O,2.9322,4,3256.621349689182
AlWO4,Al-O-W,2.9803,3,24754.62754356279
AcGaO3,Ac-Ga-O,2.895900000000001,1,3060.4636529352174
CsPaO3,Cs-O-Pa,2.9729999999999994,1,6191.636302835128
Cs2HgTe,Cs-Hg-Te,1.8046,1,517565.36927246576
MgS2,Mg-S,1.1336999999999997,5,71892.4583051441
Na2CeF6,Ce-F-Na,2.226,5,133912.66255831675
Ca2FeH6,Ca-Fe-H,1.5002999999999995,1,19923.860694154773
LaBi2ClO4,Bi-Cl-La-O,1.3154000000000003,2,43497.838632799874
Mg3AsN,As-Mg-N,2.2818,1,203700.74647530605
Cs2PdCl6,Cl-Cs-Pd,1.3617,1,251837.91728825367
ErHSe,Er-H-Se,1.4817000000000005,4,54665.96725517442
Lu2SeO2,Lu-O-Se,2.0255,5,5248.936571749499
LuHSe,H-Lu-Se,1.4615,4,47177.07345299803
TbHSe,H-Se-Tb,1.5054999999999996,4,59144.34885439893
LiMgSb,Li-Mg-Sb,1.4438,1,178922.06883582985
SiPAu,Au-P-Si,1.0382000000000002,5,352669.7728172729
DyHSe,Dy-H-Se,1.4876999999999994,4,59218.02762936727
NdHSe,H-Nd-Se,1.6838000000000006,4,65144.42134392196
Ca2H6Os,Ca-H-Os,2.7001,1,4718.6590471256495
Rb2TcCl6,Cl-Rb-Tc,1.2635,1,95943.15645050892
TmPaO4,O-Pa-Tm,2.434,2,6097.258321963763
TlInF6,F-In-Tl,2.6572,5,2913.005631193996
Th2PNO,N-O-P-Th,1.3129,5,231430.30314618337
TaCu3Se3S,Cu-S-Se-Ta,1.6491000000000002,5,198385.4888878464
ScPaO4,O-Pa-Sc,2.493500000000001,2,6505.17754420494
NaLaS2,La-Na-S,2.5989,5,12565.83902681325
NaPrS2,Na-Pr-S,2.1807000000000003,5,21674.010498774544
NaLiCdS2,Cd-Li-Na-S,1.6168999999999998,5,68855.13947221896
NaBiSe2,Bi-Na-Se,1.0922999999999998,5,389492.8045494928
NaBiTe2,Bi-Na-Te,1.0652999999999997,5,848135.6319908629
NaBiS2,Bi-Na-S,1.4468999999999994,5,164046.51320189785
LuPaO4,Lu-O-Pa,2.4908,2,5971.548679810313
LiSmS2,Li-S-Sm,1.9482,5,25241.395956409604
LiGdS2,Gd-Li-S,1.6532000000000004,5,88403.1985059801
LiBiS2,Bi-Li-S,1.4793000000000005,5,151372.08643563604
Li2ZnCdP2,Cd-Li-P-Zn,1.0652,5,230075.44819287863
LaTiSbO6,La-O-Sb-Ti,2.7433000000000005,5,6332.001475859913
LaPaO4,La-O-Pa,2.329699999999999,2,8826.357071776354
KBiS2,Bi-K-S,1.4158000000000004,5,175546.09217304675
HoPaO4,Ho-O-Pa,2.4203,2,6241.575559396375
InCuGeS4,Cu-Ge-In-S,1.1346000000000005,2,280232.97123834724
Ho2TeS2,Ho-S-Te,1.7469,3,285657.8390821988
Dy2TeS2,Dy-S-Te,1.8358000000000003,3,274328.34909467044
ErPaO4,Er-O-Pa,2.4341,2,6184.354069649148
CaBiIO2,Bi-Ca-I-O,1.6177,2,65186.78645837366
BiPbBrO2,Bi-Br-O-Pb,1.5539000000000005,2,46183.958987935766
AlAgSnSe4,Ag-Al-Se-Sn,1.1072000000000002,2,181373.1526894633
SnBr2,Br-Sn,1.967,5,23860.9289999832
CaNiF6,Ca-F-Ni,2.1462000000000003,5,95076.35508158176
ZnNiF6,F-Ni-Zn,1.6071,5,290447.426284124
MgMnF6,F-Mg-Mn,2.8029,5,30706.128535180364
CrCuO2,Cr-Cu-O,1.5391000000000004,5,249538.16191214835
K2PdO2,K-O-Pd,1.3697,3,41522.17485998279
CsYO2,Cs-O-Y,2.8461,4,3006.5957009188105
KNa2CuO2,Cu-K-Na-O,1.5144,2,25611.03921834629
NaNiIO6,I-Na-Ni-O,1.7121000000000002,5,292339.8499417109
UCdO4,Cd-O-U,1.9644,3,140815.96335880217
PrBi2IO4,Bi-I-O-Pr,1.2196999999999996,2,62928.23771130813
TmBi2ClO4,Bi-Cl-O-Tm,1.4201,2,26243.409153571
DyBi2IO4,Bi-Dy-I-O,1.3667999999999996,2,52281.20537232958
KCrO2,Cr-K-O,2.9299000000000004,5,118282.40717562764
ErBi2BrO4,Bi-Br-Er-O,1.3570000000000002,2,34261.854645562744
HoBi2ClO4,Bi-Cl-Ho-O,1.3709999999999996,2,28899.182788971528
NdBi2IO4,Bi-I-Nd-O,1.2653999999999996,2,56258.80471956186
ErBi2ClO4,Bi-Cl-Er-O,1.3769000000000005,2,27380.819371094854
SmBi2BrO4,Bi-Br-O-Sm,1.2782999999999998,2,44299.15782937207
LuBi2IO4,Bi-I-Lu-O,1.4425,2,61294.14534158999
SmZnPO,O-P-Sm-Zn,1.3609,5,90946.1171634894
PrBi2BrO4,Bi-Br-O-Pr,1.2269000000000003,2,52294.40918757975
YBi2ClO4,Bi-Cl-O-Y,1.3088000000000002,2,29641.692939013486
TmBi2IO4,Bi-I-O-Tm,1.4258999999999995,2,52805.167819378185
TbBi2IO4,Bi-I-O-Tb,1.3266999999999998,2,54257.01209246581
DyBi2BrO4,Bi-Br-Dy-O,1.3290000000000002,2,37978.11664305038
PrBi2ClO4,Bi-Cl-O-Pr,1.1244,2,42225.63252288237
NdBi2BrO4,Bi-Br-Nd-O,1.2198999999999995,2,50631.62434012751
YBi2BrO4,Bi-Br-O-Y,1.34,2,37783.67026729233
CsCu3O2,Cs-Cu-O,1.4572,5,130567.39141502928
CsNdO2,Cs-Nd-O,2.9366000000000003,4,3675.82705077794
LuSF,F-Lu-S,2.6141,5,6369.558536810776
CoF2,Co-F,2.2721,2,34528.11423049218
Rb2NiF6,F-Ni-Rb,2.4216,1,29193.815857045323
KVF3,F-K-V,2.0758999999999994,1,2919.256182356782
RbMnF3,F-Mn-Rb,2.9437,1,841.2672884390723
KrF2,F-Kr,2.7303,2,5150.5417362086055
F2,F,2.4556,6,8961.89282855808
CsErS2,Cs-Er-S,2.1441,5,14302.0875941439
LaN,La-N,1.1169000000000002,4,65715.54625144818
HfBrN,Br-Hf-N,2.1298000000000004,3,41984.92449914463
TlBr,Br-Tl,2.2962,1,17298.444781439
NdTlSe2,Nd-Se-Tl,1.2255000000000005,5,56265.43243976912
K2SnHgSe4,Hg-K-Se-Sn,1.4785,2,202781.1298047811
HoTlSe2,Ho-Se-Tl,1.2785000000000002,5,43668.420963426805
TbTlSe2,Se-Tb-Tl,1.2733000000000003,5,45999.41130737056
TlCl,Cl-Tl,2.5369,1,11392.240573333442
Sr(Li2P)2,Li-P-Sr,0.9758999999999998,5,340353.9331480138
ErTlSe2,Er-Se-Tl,1.2151000000000003,5,43818.031797232485
TlI,I-Tl,2.2086,1,31587.381363825298
NaMoO2,Mo-Na-O,2.3805,5,114663.90956116316
K2NiF6,F-K-Ni,2.3603,1,41639.93618291572
TbH2Br,Br-H-Tb,1.6956000000000002,5,28587.61213944359
Na2H4Pd,H-Na-Pd,2.2472000000000003,2,43208.74127916281
Ba2MgH6,Ba-H-Mg,2.8864,5,7442.579949256771
CdHClO,Cd-Cl-H-O,2.4655,4,3690.8565880564743
SrHgO2,Hg-O-Sr,2.1978,5,7783.07825588909
DyCuSe2,Cu-Dy-Se,1.0667999999999995,5,392676.379100985
AlSbO4,Al-O-Sb,1.6178,3,22566.974075730905
Cs2NiF6,Cs-F-Ni,2.4357,1,25179.208128612325
Sr2HN,H-N-Sr,1.8058,5,163275.3081902732
Ba2H6Ru,Ba-H-Ru,1.8699,1,24238.201960244514
Ba2H6Os,Ba-H-Os,1.9655,1,36211.27771402218
Na2H4Pt,H-Na-Pt,2.1188,2,37462.48407810264
Y2SeO2,O-Se-Y,2.1613,5,5586.752746550674
BiOF,Bi-F-O,2.8878000000000004,2,5185.505943038192
Tm2SeO2,O-Se-Tm,2.1129,5,5171.277431136312
CsErO2,Cs-Er-O,2.8015000000000003,4,2906.584954423831
SmAgO2,Ag-O-Sm,2.566,4,9230.131874684012
CsDyO2,Cs-Dy-O,2.835,4,3035.2549244241927
CsHoO2,Cs-Ho-O,2.8143,4,2945.76531891516
Li2CeO3,Ce-Li-O,1.9757,3,31896.3811818279
LaAgO2,Ag-La-O,2.8013,4,8907.82226695333
VBO4,B-O-V,2.6635,2,16161.856428599343
Tb2SeO2,O-Se-Tb,2.1407,5,5416.289126223407
CsGdO2,Cs-Gd-O,2.4891,4,4759.95637750971
Y2TeO2,O-Te-Y,1.0487000000000002,2,131365.42337296973
Li3VS4,Li-S-V,1.8832,1,282841.96304758266
La2UO6,La-O-U,1.4113999999999995,3,185708.47725651524
Dy2SeO2,Dy-O-Se,2.1479,5,5305.4375182218855
KLiZnS2,K-Li-S-Zn,2.4361,2,21148.393401501187
AcFeO3,Ac-Fe-O,0.9887999999999996,1,40982.88799625168
PaTlO3,O-Pa-Tl,2.6427000000000005,1,9186.563829850817
Sr(MgAs)2,As-Mg-Sr,1.3464000000000005,5,194839.34864291945
Rb2Hf2O5,Hf-O-Rb,1.9468,2,2636.6504019237336
NaPaO3,Na-O-Pa,2.952,1,4087.962300209894
Na2Hf2O5,Hf-Na-O,1.9603,2,2883.826558105766
AcCrO3,Ac-Cr-O,2.0031000000000008,1,21851.696212424325
AgBr,Ag-Br,1.1708,1,53271.42338579928
TiFeTe,Fe-Te-Ti,0.9852000000000009,1,794388.265915828
NaCaAs,As-Ca-Na,1.5819,1,223644.55821876143
ZrSnPt,Pt-Sn-Zr,0.9627999999999995,1,810627.5095756301
VBr2,Br-V,1.1332,5,13545.366654135158
GdF3,F-Gd,2.8622,1,3692.417624135585
K2PtC2,C-K-Pt,0.9937999999999998,5,451019.931460602
Na3BrO,Br-Na-O,1.8815,1,49642.94809167335
HfS2,Hf-S,1.2237,5,500327.6789188816
LiAuO2,Au-Li-O,1.3059,2,207033.3722138549
CrAuO2,Au-Cr-O,1.2660000000000005,5,370142.44102127047
NaAuO2,Au-Na-O,1.1589999999999998,6,98118.98242760292
MnTlF3,F-Mn-Tl,2.6304,1,14626.950782545806
TbTlS2,S-Tb-Tl,1.6253000000000002,5,23503.866120427003
NaTbS2,Na-S-Tb,2.2791,5,12618.380199229665
NaTbSe2,Na-Se-Tb,1.839,5,34556.02104574594
KTbS2,K-S-Tb,2.3136,5,12327.846896564712
SmTlSe2,Se-Sm-Tl,1.2218999999999998,5,50320.66026953594
SmTlS2,S-Sm-Tl,1.6781,5,29242.718401804414
RbYS2,Rb-S-Y,2.3166,5,11994.236410559237
RbSmTe2,Rb-Sm-Te,1.3163999999999998,5,356955.66340721736
PrTlSe2,Pr-Se-Tl,1.2621000000000002,5,59542.77243811111
NaSmTe2,Na-Sm-Te,1.1738,5,380554.0557522936
NaYSe2,Na-Se-Y,1.8434,5,30876.567203796734
NaScS2,Na-S-Sc,1.6789999999999998,5,93001.3602918998
NaPrSe2,Na-Pr-Se,1.7927,5,110102.6628194712
NaNdS2,Na-Nd-S,2.2045000000000003,5,19330.69599108537
NaNdSe2,Na-Nd-Se,1.8121000000000005,5,92800.49036597468
NaLaSe2,La-Na-Se,2.2767,5,31385.70145635
NaHoSe2,Ho-Na-Se,1.8867,5,26900.545035384435
NaDySe2,Dy-Na-Se,1.8635,5,30314.56605309494
NaGdSe2,Gd-Na-Se,1.3585,5,121914.21972806784
NaDyS2,Dy-Na-S,2.2856,5,11759.12847342757
